feature_set,model,validation_roc_auc,validation_pr_auc,validation_f1,validation_macro_f1,validation_precision,validation_recall,validation_balanced_accuracy,validation_accuracy,validation_threshold,validation_tn,validation_fp,validation_fn,validation_tp,test_roc_auc,test_pr_auc,test_f1,test_macro_f1,test_precision,test_recall,test_balanced_accuracy,test_accuracy,test_threshold,test_tn,test_fp,test_fn,test_tp,n_features
hybrid,logistic_regression,0.7524752721332268,0.18189675203711583,0.2626570232204035,0.5906745217684521,0.2025836758661186,0.37337662337662336,0.6314895473602082,0.8535349716446125,0.72,21886,2716,1158,690,0.7568901204575229,0.18396657388882598,0.2699858328273629,0.5934653656987214,0.20497848801475108,0.3953764078245406,0.640194204445651,0.8508579698160017,0.72,19911,2587,1020,667,133
hybrid_no_balance,logistic_regression,0.7519888486171715,0.18297620619114832,0.26123260437375745,0.591802849084727,0.20647391577624136,0.3555194805194805,0.6264427741594232,0.8595085066162571,0.73,22077,2525,1191,657,0.7560573256251506,0.1836622328264464,0.26734134514020663,0.5938444181863501,0.20746073298429318,0.3758150563129816,0.634080521311438,0.8563158982840604,0.73,20076,2422,1053,634,128
graph_only,logistic_regression,0.7494814855090441,0.17707133139056802,0.2596685082872928,0.5778335642505799,0.18123393316195371,0.4577922077922078,0.651219492238515,0.8176181474480151,0.63,20780,3822,1002,846,0.7508129682659533,0.18116664351530143,0.262396358315721,0.5774664469993537,0.18077956989247312,0.47836395969176054,0.6579080888333458,0.8124043828819516,0.63,18841,3657,880,807,44
graph_no_balance,logistic_regression,0.7486210998577879,0.17932560909311665,0.2572294133847425,0.5695192160924326,0.17251570003694125,0.5054112554112554,0.6616561195355602,0.7960680529300567,0.6,20122,4480,914,934,0.7495516297753768,0.18074499654139892,0.2645094255603384,0.5727466302494844,0.17643564356435643,0.5281564908120925,0.6716478071448675,0.7951209427330991,0.6,18339,4159,796,891,39
hybrid,lightgbm,0.7580980332433466,0.18425571984378247,0.2591394370753801,0.5805522092265039,0.18481772035071528,0.43344155844155846,0.644917673782197,0.826843100189036,0.19,21069,3533,1047,801,0.7625953499759157,0.17921426722824146,0.2560127211290002,0.5848235460094804,0.19258373205741627,0.3817427385892116,0.6308660354871563,0.8452346495761835,0.19,19798,2700,1043,644,133
graph_no_balance,lightgbm,0.7592215802854166,0.17783322864341153,0.2620782726045884,0.5709380151767721,0.1745774901114707,0.5254329004329005,0.6694110278930618,0.7932703213610586,0.17,20011,4591,877,971,0.7605059328727527,0.17841988227545563,0.2605279698302954,0.574248177649519,0.17725037417147743,0.4914048606994665,0.6601837175752644,0.8054165805251189,0.17,18650,3848,858,829,39
graph_only,lightgbm,0.7614208678349805,0.18210350207419176,0.2684049079754601,0.5827794268208477,0.1872859589041096,0.4734848484848485,0.6595739013581059,0.8196597353497165,0.19,20805,3797,973,875,0.7592357415897286,0.17725486058967288,0.2499071667285555,0.5779593529529619,0.181941065152744,0.3989330171902786,0.632216086335383,0.8329543105230515,0.19,19472,3026,1014,673,44
hybrid,xgboost,0.749494121742821,0.17329781765776764,0.2578555231616456,0.5798972432398564,0.18400369856680537,0.43073593073593075,0.6436258305821756,0.8267674858223062,0.2,21072,3530,1052,796,0.753151962977622,0.1754508069612229,0.23477715003138733,0.5754418428920902,0.1814359637774903,0.33254297569650265,0.610022043453194,0.8487905726690097,0.2,19967,2531,1126,561,133
graph_only,xgboost,0.7562898970660535,0.1797745272520615,0.26274777853725223,0.572220659039384,0.17578196451435887,0.520021645021645,0.6684329020165538,0.7961058601134215,0.2,20096,4506,887,961,0.7565535826065394,0.17413365638818332,0.2535868005738881,0.5781650879067038,0.18179480586268965,0.4190871369294606,0.6388261713627656,0.8279098614843912,0.2,19316,3182,980,707,44
hybrid_no_balance,lightgbm,0.7559753659206956,0.1741937303884785,0.2530136800758499,0.5659250793770729,0.16874435411020777,0.5054112554112554,0.6591969698729312,0.7914933837429111,0.16,20001,4601,914,934,0.7609796099638811,0.1736337065413262,0.25930213328923435,0.5767365757058841,0.1798165137614679,0.46473029045643155,0.6528914142299048,0.8148025635724623,0.16,18922,3576,903,784,128
graph_no_balance,random_forest,0.7468305378333019,0.1641467949122761,0.2495634966825748,0.5520312913235258,0.1589796826338425,0.5800865800865801,0.6747884327146176,0.7562570888468809,0.36000000000000004,18931,5671,776,1072,0.7481446944661562,0.17303141459432145,0.24407826982492276,0.5497274261296428,0.15589541193882586,0.5619442797866034,0.6668953330660281,0.7572048790572669,0.36000000000000004,17365,5133,739,948,39
graph_only,random_forest,0.7500680750975443,0.16721960390331916,0.25206991720331184,0.5632079068695237,0.16646415552855406,0.5189393939393939,0.6618760053999059,0.7848393194706994,0.38,19800,4802,889,959,0.7550157656113594,0.1721908438207357,0.25733041575492344,0.5673500205957562,0.1706656346749226,0.5228215767634855,0.6661578770118433,0.7894976224932809,0.38,18212,4286,805,882,44
hybrid_no_balance,random_forest,0.7399465288254817,0.1620610274322504,0.24333190700328056,0.5638634300210676,0.1652140228549293,0.4615800865800866,0.643195538778215,0.7994328922495274,0.42000000000000004,20292,4310,995,853,0.7462341511961045,0.1718650490634206,0.25007814942169426,0.5678819223235413,0.16981532583315645,0.4742145820983995,0.6501884538192237,0.8016125697746537,0.42000000000000004,18587,3911,887,800,128
hybrid,random_forest,0.7437539393376317,0.16373462645507747,0.24654491609081935,0.5551190514912531,0.15968670076726343,0.5405844155844156,0.6634513005488942,0.7691493383742911,0.38,19345,5257,849,999,0.7505188500454469,0.17070983404805762,0.24741707449700925,0.556219387202179,0.16052213794319986,0.5394190871369294,0.6639445866834083,0.7710977878850527,0.38,17739,4759,777,910,133
graph_no_balance,xgboost,0.754109525375581,0.1697692564630961,0.2570781426953567,0.5712914930249626,0.174079754601227,0.49134199134199136,0.658117138261029,0.8015879017013232,0.25,20294,4308,940,908,0.7539749828516669,0.17027051074886868,0.2521313259568293,0.5779638359723247,0.18165185572399373,0.41197391819798457,0.6364029960800572,0.8295224312590449,0.25,19367,3131,992,695,39
hybrid_no_balance,xgboost,0.7482173782372953,0.1669918237030669,0.2531430513081889,0.5798194943442718,0.1844972758791481,0.40313852813852813,0.6346438108540783,0.8337996219281664,0.23,21309,3293,1103,745,0.7499423119373108,0.16740237994889476,0.23377758357002404,0.576848146019707,0.185121107266436,0.31713100177830467,0.6062275152904324,0.8549927641099855,0.23,20143,2355,1152,535,128
history_only,logistic_regression,0.6923091702149299,0.13882052702898634,0.22180515270431667,0.5624215287108394,0.1619735858460005,0.35173160173160173,0.6075176990854578,0.8275614366729679,0.54,21239,3363,1198,650,0.6905154791339418,0.1423953198561931,0.2341262408690766,0.5695508618302763,0.17113910186199344,0.37048014226437465,0.6179674246747244,0.8309282613189993,0.54,19471,3027,1062,625,6
text_only,logistic_regression,0.6953317265410794,0.1393899932849808,0.2210446631339894,0.5549547756754297,0.15345806180365776,0.395021645021645,0.6156678829124158,0.8054820415879017,0.62,20575,4027,1118,730,0.7118088689487936,0.13977251501466312,0.2202486678507993,0.5587672913423393,0.15724067968551864,0.36751630112625966,0.609907141584554,0.8184825304941079,0.62,19175,3323,1067,620,89
text_only,random_forest,0.6744031540567391,0.13330367551519612,0.20524085987760865,0.5481896693051937,0.1445303867403315,0.3538961038961039,0.598275586294853,0.8085066162570889,0.49,20731,3871,1194,654,0.6945128442688945,0.1392359213324919,0.20753424657534247,0.5493584705719412,0.14591861305080664,0.35921754593953764,0.6007795437049452,0.8086417200744263,0.49,18951,3547,1081,606,89
text_only,xgboost,0.6698667571284636,0.12573696199733658,0.19226774379688402,0.5170223086566651,0.12219451371571072,0.45075757575757575,0.6037626591087691,0.7353875236294896,0.18000000000000002,18618,5984,1015,833,0.6930638318479525,0.13259971909122958,0.20423991726990692,0.526370586188234,0.13060009918994875,0.46828689982216953,0.6172663941727969,0.7454620632623526,0.18000000000000002,17239,5259,897,790,89
text_only,lightgbm,0.6766239309020383,0.13055447933663078,0.19575650416771911,0.5270943829806627,0.12767710049423395,0.4193722943722944,0.6020729450074626,0.7592438563327032,0.19,19307,5295,1073,775,0.6911525640189949,0.12983013914935448,0.1978798586572438,0.5302270100890045,0.12991833704528583,0.4149377593360996,0.6032818408201522,0.7653504238164152,0.19,17810,4688,987,700,89
hybrid,historical_negative_ratio,0.6124955943644464,0.11685390353541619,0.22028890347997374,0.5594052618579154,0.15810556079170593,0.3630952380952381,0.6089315715718041,0.8204158790170132,0.25,21029,3573,1177,671,0.6328245840781577,0.12366021051251753,0.23268206039076378,0.5658028926193407,0.16611716966776566,0.3882631890930646,0.6210584324876827,0.8213768864998966,0.25,19210,3288,1032,655,1
graph_only,historical_negative_ratio,0.6124955943644464,0.11685390353541619,0.22028890347997374,0.5594052618579154,0.15810556079170593,0.3630952380952381,0.6089315715718041,0.8204158790170132,0.25,21029,3573,1177,671,0.6328245840781577,0.12366021051251753,0.23268206039076378,0.5658028926193407,0.16611716966776566,0.3882631890930646,0.6210584324876827,0.8213768864998966,0.25,19210,3288,1032,655,1
hybrid_no_balance,historical_negative_ratio,0.6124955943644464,0.11685390353541619,0.22028890347997374,0.5594052618579154,0.15810556079170593,0.3630952380952381,0.6089315715718041,0.8204158790170132,0.25,21029,3573,1177,671,0.6328245840781577,0.12366021051251753,0.23268206039076378,0.5658028926193407,0.16611716966776566,0.3882631890930646,0.6210584324876827,0.8213768864998966,0.25,19210,3288,1032,655,1
graph_no_balance,historical_negative_ratio,0.6124955943644464,0.11685390353541619,0.22028890347997374,0.5594052618579154,0.15810556079170593,0.3630952380952381,0.6089315715718041,0.8204158790170132,0.25,21029,3573,1177,671,0.6328245840781577,0.12366021051251753,0.23268206039076378,0.5658028926193407,0.16611716966776566,0.3882631890930646,0.6210584324876827,0.8213768864998966,0.25,19210,3288,1032,655,1
history_only,historical_negative_ratio,0.6124955943644464,0.11685390353541619,0.22028890347997374,0.5594052618579154,0.15810556079170593,0.3630952380952381,0.6089315715718041,0.8204158790170132,0.25,21029,3573,1177,671,0.6328245840781577,0.12366021051251753,0.23268206039076378,0.5658028926193407,0.16611716966776566,0.3882631890930646,0.6210584324876827,0.8213768864998966,0.25,19210,3288,1032,655,1
history_only,random_forest,0.6607313869706155,0.12247062652165966,0.20665691294806146,0.5575998344467075,0.15607734806629833,0.30573593073593075,0.5907795172743144,0.8359924385633271,0.54,21547,3055,1283,565,0.6487594128764814,0.12254297213605725,0.20765472312703584,0.5590484946115183,0.15813953488372093,0.3023117960877297,0.5908172012708184,0.8390738060781476,0.54,19783,2715,1177,510,6
history_only,xgboost,0.6473798367851697,0.12024216408065183,0.19949445848726424,0.5566436004562293,0.15569044006069802,0.2775974025974026,0.5822585826091639,0.8443478260869566,0.53,21820,2782,1335,513,0.6367671198646492,0.1193378259177448,0.2040549378678875,0.5603332040366091,0.16137931034482758,0.27741553052756374,0.5846585164416643,0.8490386603266488,0.53,20066,2432,1219,468,6
history_only,lightgbm,0.6462717083677778,0.12023104080860854,0.20138089758342922,0.5570298356138427,0.15597147950089127,0.2840909090909091,0.5843062463509988,0.8425708884688091,0.53,21761,2841,1323,525,0.6319908275585111,0.11796367540729072,0.20229586311457656,0.5590593890573454,0.15938566552901023,0.27682276229994074,0.5836731821989525,0.847715526152574,0.53,20035,2463,1220,467,6
hybrid,dummy_prior,0.5,0.06986767485822307,0.13060993709802812,0.06530496854901406,0.06986767485822307,1.0,0.5,0.06986767485822307,0.01,0,24602,0,1848,0.5,0.06975397973950796,0.13041125541125542,0.06520562770562771,0.06975397973950796,1.0,0.5,0.06975397973950796,0.01,0,22498,0,1687,133
graph_only,dummy_prior,0.5,0.06986767485822307,0.13060993709802812,0.06530496854901406,0.06986767485822307,1.0,0.5,0.06986767485822307,0.01,0,24602,0,1848,0.5,0.06975397973950796,0.13041125541125542,0.06520562770562771,0.06975397973950796,1.0,0.5,0.06975397973950796,0.01,0,22498,0,1687,44
text_only,dummy_prior,0.5,0.06986767485822307,0.13060993709802812,0.06530496854901406,0.06986767485822307,1.0,0.5,0.06986767485822307,0.01,0,24602,0,1848,0.5,0.06975397973950796,0.13041125541125542,0.06520562770562771,0.06975397973950796,1.0,0.5,0.06975397973950796,0.01,0,22498,0,1687,89
hybrid_no_balance,dummy_prior,0.5,0.06986767485822307,0.13060993709802812,0.06530496854901406,0.06986767485822307,1.0,0.5,0.06986767485822307,0.01,0,24602,0,1848,0.5,0.06975397973950796,0.13041125541125542,0.06520562770562771,0.06975397973950796,1.0,0.5,0.06975397973950796,0.01,0,22498,0,1687,128
graph_no_balance,dummy_prior,0.5,0.06986767485822307,0.13060993709802812,0.06530496854901406,0.06986767485822307,1.0,0.5,0.06986767485822307,0.01,0,24602,0,1848,0.5,0.06975397973950796,0.13041125541125542,0.06520562770562771,0.06975397973950796,1.0,0.5,0.06975397973950796,0.01,0,22498,0,1687,39
history_only,dummy_prior,0.5,0.06986767485822307,0.13060993709802812,0.06530496854901406,0.06986767485822307,1.0,0.5,0.06986767485822307,0.01,0,24602,0,1848,0.5,0.06975397973950796,0.13041125541125542,0.06520562770562771,0.06975397973950796,1.0,0.5,0.06975397973950796,0.01,0,22498,0,1687,6
hybrid,dummy_most_frequent,0.5,0.06986767485822307,0.0,0.48190080702029303,0.0,0.0,0.5,0.9301323251417769,0.01,24602,0,1848,0,0.5,0.06975397973950796,0.0,0.48193132403658717,0.0,0.0,0.5,0.9302460202604921,0.01,22498,0,1687,0,133
graph_only,dummy_most_frequent,0.5,0.06986767485822307,0.0,0.48190080702029303,0.0,0.0,0.5,0.9301323251417769,0.01,24602,0,1848,0,0.5,0.06975397973950796,0.0,0.48193132403658717,0.0,0.0,0.5,0.9302460202604921,0.01,22498,0,1687,0,44
text_only,dummy_most_frequent,0.5,0.06986767485822307,0.0,0.48190080702029303,0.0,0.0,0.5,0.9301323251417769,0.01,24602,0,1848,0,0.5,0.06975397973950796,0.0,0.48193132403658717,0.0,0.0,0.5,0.9302460202604921,0.01,22498,0,1687,0,89
hybrid_no_balance,dummy_most_frequent,0.5,0.06986767485822307,0.0,0.48190080702029303,0.0,0.0,0.5,0.9301323251417769,0.01,24602,0,1848,0,0.5,0.06975397973950796,0.0,0.48193132403658717,0.0,0.0,0.5,0.9302460202604921,0.01,22498,0,1687,0,128
graph_no_balance,dummy_most_frequent,0.5,0.06986767485822307,0.0,0.48190080702029303,0.0,0.0,0.5,0.9301323251417769,0.01,24602,0,1848,0,0.5,0.06975397973950796,0.0,0.48193132403658717,0.0,0.0,0.5,0.9302460202604921,0.01,22498,0,1687,0,39
history_only,dummy_most_frequent,0.5,0.06986767485822307,0.0,0.48190080702029303,0.0,0.0,0.5,0.9301323251417769,0.01,24602,0,1848,0,0.5,0.06975397973950796,0.0,0.48193132403658717,0.0,0.0,0.5,0.9302460202604921,0.01,22498,0,1687,0,6
