threshold,precision,recall,f1,tp,fp,fn,tn,predicted_positive_rate
0.01,0.07141646181232517,0.998814463544754,0.13330168901546616,1685,21909,2,589,0.9755633657225553
0.02,0.0720520280677734,0.998221695317131,0.13440280936988708,1684,21688,3,810,0.9663841223899111
0.03,0.07270055325034579,0.997036158861885,0.1355194779035572,1682,21454,5,1044,0.9566260078561092
0.04,0.0733568842949976,0.997036158861885,0.13665908352291192,1682,21247,5,1251,0.9480669836675626
0.05,0.07396632284228158,0.994665085951393,0.1376933491978829,1678,21008,9,1490,0.9380194335331817
0.06,0.07468805704099822,0.993479549496147,0.13893148754507398,1676,20764,11,1734,0.9278478395699814
0.07,0.07542051003798156,0.988737403675163,0.14015040120993155,1668,20448,19,2050,0.9144511060574736
0.08,0.07662570757973215,0.9869590989922941,0.14221045439016058,1665,20064,22,2434,0.898449452139756
0.09,0.07801118473612481,0.983995257854179,0.14456152573369327,1660,19619,27,2879,0.8798428778168286
0.1,0.07936127361657236,0.981031416716064,0.14684352956834212,1655,19199,32,3299,0.8622700020673971
0.11,0.08081500710192487,0.978067575577949,0.1492942453854506,1650,18767,37,3731,0.8442009510026877
0.12,0.08218425259792166,0.975103734439834,0.15159194581394275,1645,18371,42,4127,0.8276204258838122
0.13,0.08365619902120718,0.972732661529342,0.15406280805520348,1641,17975,46,4523,0.8110812487078768
0.14,0.08498907729116821,0.968583283935981,0.15626643714435995,1634,17592,53,4906,0.7949555509613396
0.15,0.08650629281503903,0.965619442797866,0.15878740617993958,1629,17202,58,5296,0.7786231135001034
0.16,0.08777157717938994,0.9602845287492591,0.1608419380460683,1620,16837,67,5661,0.7631589828406037
0.17,0.08902519893899204,0.9549496147006521,0.162867108123136,1611,16485,76,6013,0.7482323754393219
0.18,0.09034443817052512,0.948429164196799,0.16497396504614112,1600,16110,87,6388,0.7322720694645442
0.19,0.09183732333429478,0.943687018375815,0.1673851330038902,1592,15743,95,6755,0.7167665908621046
0.2,0.09327523259922271,0.9389448725548311,0.1696930740800257,1584,15398,103,7100,0.7021707670043416
0.21,0.09482551143200962,0.9342027267338471,0.17217457803026165,1576,15044,111,7454,0.6872028116601199
0.22,0.09630039331366765,0.9288678126852401,0.17450860292889359,1567,14705,120,7793,0.672813727517056
0.23,0.0974168814028031,0.918790752815649,0.1761563814069781,1550,14361,137,8137,0.6578871201157742
0.24,0.09885662898252827,0.9122703023117961,0.1783830773688786,1539,14029,148,8469,0.6437047756874096
0.25,0.10019052624663294,0.9039715471250741,0.18038798202034542,1525,13696,162,8802,0.6293570394872855
0.26,0.10167327464552113,0.8968583283935981,0.18264123611781746,1513,13368,174,9130,0.6152987388877403
0.27,0.1035004470118974,0.8921161825726142,0.18548188316490016,1505,13036,182,9462,0.6012404382881952
0.28,0.10471903790702582,0.8826318909306461,0.18722494656104616,1489,12730,198,9768,0.5879264006615671
0.29,0.10639216815433343,0.8761114404267931,0.18974260222093844,1478,12414,209,10084,0.5744056233202398
0.3,0.10779411764705882,0.8689982216953172,0.1917969516582717,1466,12134,221,10364,0.5623320239818069
0.31,0.10928425974809564,0.8589211618257261,0.19389803291850663,1449,11810,238,10688,0.5482323754393219
0.32,0.11064782642267007,0.8494368701837581,0.19579177483262739,1433,11518,254,10980,0.5354972090138516
0.33,0.11231511508344538,0.8417308832246592,0.19818562456385205,1420,11223,267,11275,0.5227620425883812
0.34,0.11429499147658088,0.8346176644931832,0.20105668999000428,1408,10911,279,11587,0.5093653090758735
0.35,0.1156672791047269,0.8209839952578541,0.20276700095161407,1385,10589,302,11909,0.4951002687616291
0.36,0.11800601633003868,0.8138707765263782,0.20612520642546164,1373,10262,314,12236,0.48108331610502375
0.37,0.1202084437378555,0.8067575577949022,0.20923975709124454,1361,9961,326,12537,0.46814140996485426
0.38,0.12202192227556843,0.7984588026081803,0.2116925978312117,1347,9692,340,12806,0.45643994211287986
0.39,0.12419759977672341,0.7913455838767042,0.21469926021228689,1335,9414,352,13084,0.44444903866032665
0.4,0.12638517386320214,0.7842323651452282,0.21768819415878238,1323,9145,364,13353,0.43283026669423197
0.41,0.1286331500392773,0.7765263781861292,0.22070592199477718,1310,8874,377,13624,0.42108745089931776
0.42,0.13077699293642786,0.7682276229994073,0.22350607915840304,1296,8614,391,13884,0.40975811453380195
0.43,0.13260756868843962,0.7581505631298162,0.22573243911048363,1279,8366,408,14132,0.3988009096547447
0.44,0.13476312419974393,0.7486662714878483,0.2284112487566688,1263,8109,424,14389,0.3875129212321687
0.45,0.1370194955391563,0.7374036751630113,0.2310979007988111,1244,7835,443,14663,0.37539797395079594
0.46,0.13930235200545393,0.7267338470657972,0.23379099923722352,1226,7575,461,14923,0.3639032458135208
0.47,0.14203747072599532,0.7190278601066983,0.23721521462794562,1213,7327,474,15171,0.35311143270622286
0.48,0.14463961235614778,0.7077652637818613,0.24019312009656005,1194,7061,493,15437,0.34132726896836885
0.49,0.1466616654163541,0.6953171310017783,0.242230252968508,1173,6825,514,15673,0.33070084763283025
0.5,0.14783839423571796,0.6810906935388263,0.24294322867110688,1149,6623,538,15875,0.3213562125284267
0.51,0.1493212669683258,0.6650859513930053,0.24388653407238342,1122,6392,565,16106,0.3106884432499483
0.52,0.15178082191780823,0.6567871962062833,0.2465783910092356,1108,6192,579,16306,0.3018399834608228
0.53,0.15347586011609798,0.6425607587433314,0.2477714285714286,1084,5979,603,16519,0.29204052098408106
0.54,0.1563231850117096,0.6330764671013633,0.25073365418476345,1068,5764,619,16734,0.2824891461649783
0.55,0.15948406676783006,0.6229994072317724,0.25395674761386977,1051,5539,636,16959,0.27248294397353734
0.56,0.16147798742138364,0.6087729697688203,0.2552504038772213,1027,5333,660,17165,0.2629729170973744
0.57,0.16265452179570591,0.5927682276229994,0.2552648372686662,1000,5148,687,17350,0.25420715319412857
0.58,0.16480918608578182,0.5785417901600475,0.2565383098961756,976,4946,711,17552,0.24486251808972503
0.59,0.16660833041652082,0.5643153526970954,0.25726253209025807,952,4762,735,17736,0.23626214595823858
0.6,0.1679165904518017,0.5441612329579134,0.25663964215823315,918,4549,769,17949,0.2260492040520984
0.61,0.17069918079634216,0.5311203319502075,0.2583621683967705,896,4353,791,18145,0.21703535249121356
0.62,0.1752924846321634,0.5240071132187315,0.262704309063893,884,4159,803,18339,0.20851767624560677
0.63,0.17799752781211373,0.5121517486662714,0.26417978902308514,864,3990,823,18508,0.20070291502997725
0.64,0.18107702209826218,0.5002963841138115,0.2659105229993699,844,3817,843,18681,0.19272276204258837
0.65,0.18496849684968497,0.4872554831061055,0.26814549013211547,822,3622,865,18876,0.18375025842464338
0.66,0.18822143698468788,0.4736218138707765,0.2693863789615644,799,3446,888,19052,0.17552201777961546
0.67,0.1895456765999023,0.4599881446354475,0.268465663380038,776,3318,911,19180,0.16927847839569982
0.68,0.19289729177312212,0.4475400118553646,0.2695947152294233,755,3159,932,19339,0.16183584866652884
0.69,0.19624664879356568,0.4339063426200356,0.2702602916743585,732,2998,955,19500,0.15422782716559852
0.7,0.19758291174817313,0.4167160640189686,0.26806482364156337,703,2855,984,19643,0.14711598097994624
0.71,0.20164609053497942,0.4066390041493776,0.2696011004126548,686,2716,1001,19782,0.1406657018813314
0.72,0.20497848801475108,0.3953764078245406,0.2699858328273629,667,2587,1020,19911,0.13454620632623526
0.73,0.20666235446313067,0.3787788974510966,0.2674199623352166,639,2453,1048,20045,0.1278478395699814
0.74,0.2088135593220339,0.3651452282157676,0.2656890230752642,616,2334,1071,20164,0.1219764316725243
0.75,0.2119700748129676,0.35269709543568467,0.26479750778816197,595,2212,1092,20286,0.11606367583212736
0.76,0.2148203592814371,0.34024896265560167,0.2633631566873136,574,2098,1113,20400,0.11048170353524912
0.77,0.2217339192968438,0.32898636633076467,0.26491646778042965,555,1948,1132,20550,0.10349390117841638
0.78,0.22007559848803024,0.3106105512744517,0.2576204523107178,524,1857,1163,20641,0.09844945213975605
0.79,0.22330527248560036,0.2987551867219917,0.25557809330628806,504,1753,1183,20745,0.09332230721521605
0.8,0.2242731887401938,0.2880853586247777,0.25220550077841203,486,1681,1201,20817,0.08960099235063056
0.81,0.22784810126582278,0.27741553052756374,0.25020048115477145,468,1586,1219,20912,0.08492867479842878
0.82,0.22933884297520662,0.26318909306461175,0.24510074523875242,444,1492,1243,21006,0.08004961753152781
0.83,0.23410087719298245,0.25311203319502074,0.2432355454286528,427,1397,1260,21101,0.07541864792226587
0.84,0.23635307781649245,0.24125666864256076,0.23877970079202113,407,1315,1280,21183,0.07120115774240232
0.85,0.23955773955773957,0.23117960877296978,0.23529411764705882,390,1238,1297,21260,0.06731445110605748
0.86,0.23927178153446033,0.21813870776526378,0.2282170542635659,368,1170,1319,21328,0.06359313624147199
0.87,0.24687065368567454,0.2104327208061648,0.22719999999999999,355,1083,1332,21415,0.059458341947488114
0.88,0.24780058651026393,0.2003556609365738,0.22156669944280566,338,1026,1349,21472,0.056398594169940044
0.89,0.25368502715283164,0.1938352104327208,0.21975806451612903,327,962,1360,21536,0.05329749844945214
0.9,0.2549019607843137,0.18494368701837582,0.21435932669185848,312,912,1375,21586,0.050609882158362623
0.91,0.25573491928632114,0.17842323651452283,0.210195530726257,301,876,1386,21622,0.0486665288401902
0.92,0.26149684400360684,0.17190278601066983,0.20743919885550785,290,819,1397,21679,0.04585486872028117
0.93,0.26017029328287605,0.16301126259632484,0.20043731778425655,275,782,1412,21716,0.043704775687409554
0.94,0.259297520661157,0.14878482513337285,0.18907721280602638,251,717,1436,21781,0.040024808765763906
0.95,0.26018099547511314,0.13633669235328985,0.17891870867366783,230,654,1457,21844,0.03655158155881745
0.96,0.2633637548891786,0.11973918197984589,0.16462917685411574,202,565,1485,21933,0.03171387223485632
0.97,0.26964285714285713,0.08950800237107291,0.13440142412105027,151,409,1536,22089,0.023154848046309694
0.98,0.27424749163879597,0.04860699466508595,0.08257804632426989,82,217,1605,22281,0.012363034939011783
0.99,0.3157894736842105,0.01066982809721399,0.020642201834862386,18,39,1669,22459,0.0023568327475708083
